ag_id,activity_id,image_URL,image_on,created_at,updated_at
5,7,"""boukaat-loubnan-trail-anti-lebanon-trail-al-qaa.jpg""",0,5/1/2025 22:08,5/1/2025 22:08
6,7,"""boukaat-loubnan-trail-mount-hermon-tour-trail-al-manara-to-mdoukha-2023-09-30-6518081d3f53a.jpg""",1,5/2/2025 22:08,5/2/2025 22:08
7,7,"""boukaat-loubnan-trail-mount-hermon-tour-trail-al-manara-to-mdoukha-2023-09-30-6518081d30d08.jpg""",0,5/3/2025 22:08,5/3/2025 22:08
8,7,"""boukaat-loubnan-trail-mount-hermon-tour-trail-al-manara-to-mdoukha-2023-09-30-6518081d3c95a.jpg""",0,5/4/2025 22:08,5/4/2025 22:08
9,7,"""boukaat-loubnan-trail-mount-hermon-tour-trail-al-manara-to-mdoukha-2023-09-30-6518081d272b6.jpg""",0,5/5/2025 22:08,5/5/2025 22:08
10,7,"""boukaat-loubnan-trail-mount-hermon-tour-trail-al-manara-to-mdoukha-2023-09-30-6518081d40c76.jpg""",0,5/6/2025 22:08,5/6/2025 22:08
11,5,"""boukaat-loubnan-trail-anti-lebanon-trail-al-qaa.jpg""",0,5/7/2025 22:08,5/7/2025 22:08
12,5,"""boukaat-loubnan-trail-mount-hermon-tour-trail-al-manara-to-mdoukha-2023-09-30-6518081d3f53a.jpg""",0,5/8/2025 22:08,5/8/2025 22:08
13,5,"""boukaat-loubnan-trail-mount-hermon-tour-trail-al-manara-to-mdoukha-2023-09-30-6518081d30d08.jpg""",0,5/9/2025 22:08,5/9/2025 22:08
14,5,"""boukaat-loubnan-trail-mount-hermon-tour-trail-al-manara-to-mdoukha-2023-09-30-6518081d3c95a.jpg""",0,5/10/2025 22:08,5/10/2025 22:08
15,5,"""boukaat-loubnan-trail-mount-hermon-tour-trail-al-manara-to-mdoukha-2023-09-30-6518081d272b6.jpg""",0,5/11/2025 22:08,5/11/2025 22:08
16,6,"""boukaat-loubnan-trail-mount-hermon-tour-trail-al-manara-to-mdoukha-2023-09-30-6518081d40c76.jpg""",0,5/12/2025 22:08,5/12/2025 22:08
17,6,"""boukaat-loubnan-trail-anti-lebanon-trail-al-qaa.jpg""",0,5/13/2025 22:08,5/13/2025 22:08
18,6,"""boukaat-loubnan-trail-mount-hermon-tour-trail-al-manara-to-mdoukha-2023-09-30-6518081d3f53a.jpg""",0,5/14/2025 22:08,5/14/2025 22:08
19,6,"""boukaat-loubnan-trail-mount-hermon-tour-trail-al-manara-to-mdoukha-2023-09-30-6518081d30d08.jpg""",0,5/15/2025 22:08,5/15/2025 22:08
20,6,"""boukaat-loubnan-trail-mount-hermon-tour-trail-al-manara-to-mdoukha-2023-09-30-6518081d3c95a.jpg""",0,5/16/2025 22:08,5/16/2025 22:08
